站點名稱,站點代碼,緯度,經度
花蓮縣吉安鄉,10015050,23.94240,121.61250
潛點第三核能發電廠出水口,N00900,21.93100,120.74800
漁港梗枋,I02200,24.90300,121.87100
潛點船帆石,N01100,21.93100,120.82300
屏東縣琉球鄉,10013220,22.35330,120.38330
漁港下山,I05100,23.13700,120.11300
金門縣金寧鄉,09020040,24.46170,118.29750
海水浴場通霄,A00700,24.49280,120.67360
漁港興達,I00600,22.86300,120.19600
新竹市北區,10018020,24.84860,120.92060
海水浴場翡翠灣,A01500,25.18720,121.68410
漁港小港臨海新村,I05400,22.54500,120.34400
潛點龜灣海域,N01800,22.62500,121.47500
漁港紅柴坑,I05700,21.97200,120.71600
苗栗縣苑裡鎮,10005020,24.45600,120.62170
苗栗縣竹南鎮,10005040,24.71170,120.85370
漁港沙港東,I06300,23.60400,119.63100
衝浪中角沙珠灣,O00100,25.23700,121.63600
漁港龜吼,I03300,25.19600,121.68800
衝浪白砂,O00600,21.93300,120.71900
海水浴場西子灣,A00800,22.62500,120.26480
海水浴場福隆,A01700,25.01800,121.94330
漁港白沙崙,I05300,22.91500,120.18100
海水浴場崎頂,A00600,24.72280,120.86560
新北市貢寮區,65000260,25.02170,121.95000
漁港外木山,I02600,25.16000,121.73400
衝浪金樽,O01300,22.95600,121.29500
澎湖縣西嶼鄉,10016040,23.60410,119.50000
漁港淡水第二,I02900,25.18300,121.40900
漁港馬公,I01800,23.56600,119.57400
海釣瑞濱隧道與水湳洞之間,B01300,25.12160,121.82260
漁港烏石,I00100,24.86800,121.83600
海釣高雄港旗后山一港口護岸,B00800,22.61600,120.26540
高雄市梓官區,64000290,22.74780,120.23790
漁港福澳,I06800,26.15900,119.94200
花蓮縣新城鄉,10015040,24.03900,121.63430
雲林縣四湖鄉,10009180,23.61860,120.13750
臺南市南區,66000030,22.94820,120.16050
宜蘭縣南澳鄉,10002120,24.41490,121.80680
臺南市七股區,67000150,23.13710,120.07340
海釣鹽埔漁港,B00700,22.47420,120.43810
高雄市前鎮區,64000090,22.56050,120.29990
潛點後壁湖遊艇港東側,N00800,21.94600,120.74700
衝浪港口,O01000,21.98900,120.84800
宜蘭縣壯圍鄉,10002060,24.75970,121.84260
彰化縣福興鄉,10007060,24.04570,120.35880
漁港箔子寮,I04700,23.61900,120.13600
海水浴場吉貝海園,A02000,23.73320,119.60320
臺東縣臺東市,10014010,22.79080,121.19310
彰化縣芳苑鄉,10007230,23.96830,120.31450
海水浴場龍洞南口,A01400,25.10200,121.91810
海釣臺中港100號碼頭,B01400,24.22230,120.48430
海釣澎湖港龍門尖山碼頭區,B02700,23.55950,119.67200
衝浪大灣,O00800,21.94400,120.79500
漁港龍鳳,I04200,24.69900,120.85700
漁港將軍,I00400,23.21200,120.08600
衝浪港澳水域遊憩活動範圍A、C區,O00400,24.88000,121.84600
桃園市新屋區,68000110,24.98440,121.00460
海水浴場磯崎,A00200,23.70060,121.54960
漁港外埔,I04100,24.65100,120.77100
漁港花蓮,I06100,24.00000,121.63800
高雄市左營區,64000030,22.69580,120.24960
桃園市蘆竹區,68000050,25.12070,121.28010
漁港竹圍,I07000,25.11710,121.24136
臺中市清水區,66000120,24.33310,120.54180
漁港新港,I01000,23.09700,121.37900
漁港望海巷,I02800,25.13800,121.80200
衝浪山水,O01100,23.51300,119.59100
嘉義縣布袋鎮,10010030,23.38890,120.14430
屏東縣滿州鄉,10013240,22.04630,120.89620
海水浴場新金山,A01200,25.22490,121.64330
衝浪蜜月灣,O01200,24.93300,121.88600
連江縣南竿鄉,09007010,26.16170,119.94280
漁港澳底,I03900,25.05800,121.92700
新北市淡水區,65000100,25.19150,121.41400
漁港南雅,I03600,25.12200,121.88700
衝浪風吹砂,O00900,21.94900,120.84200
漁港吉貝,I01200,23.74000,119.61300
潛點後灣,N01500,22.04100,120.69400
澎湖縣望安鄉,10016050,23.36120,119.50970
臺中市龍井區,66000250,24.22600,120.46420
海水浴場南灣,A00400,21.96040,120.76130
海釣臺中港北防波堤,B02100,24.29640,120.49470
高雄市彌陀區,64000280,22.77610,120.22110
臺中市大甲區,66000110,24.40150,120.58090
漁港金樽,I00900,22.95400,121.29200
臺東縣東河鄉,10014070,22.94500,121.29200
海釣東澳烏石鼻,B00300,24.48160,121.85760
花蓮縣豐濱鄉,10015080,23.49470,121.50610
臺東縣長濱鄉,10014080,23.31090,121.45470
海釣石梯港,B00500,23.49240,121.50550
漁港七美,I01100,23.19400,119.42000
漁港安平,I00500,22.99000,120.15400
漁港伽藍,I05900,22.79100,121.19300
宜蘭縣五結鄉,10002090,24.68040,121.84200
海釣安平港北防波堤,B02400,22.96990,120.15250
漁港鎮港,I06600,23.64200,119.60100
海釣外木山,B01000,25.15930,121.73310
漁港八斗子,I00200,25.14700,121.79000
屏東縣恆春鎮,10013040,21.94580,120.74530
金門縣烈嶼鄉,09020050,24.42660,118.26790
連江縣莒光鄉,09007030,25.96420,119.96000
漁港台子村,I04500,23.56100,120.13900
漁港五條港,I04800,23.72200,120.17100
漁港枋寮,I05600,22.36300,120.59300
海釣深澳,B01200,25.13410,121.82120
宜蘭縣蘇澳鎮,10002030,24.59250,121.86690
潛點眺石,N01000,21.95700,120.76700
衝浪大安海水域場B區,O00500,24.38800,120.58400
漁港通霄,I07100,24.49694,120.67335
高雄市永安區,64000270,22.81890,120.19750
臺東縣大武鄉,10014100,22.33750,120.89720
海水浴場大安,A02200,24.38390,120.58410
屏東縣佳冬鄉,10013210,22.36450,120.58690
漁港後寮,I01600,23.67200,119.56900
臺東縣太麻里鄉,10014090,22.57940,121.00450
海釣安平港南防波堤,B02500,22.96220,120.15660
屏東縣林邊鄉,10013190,22.42830,120.47950
漁港菜園,I06400,23.54900,119.59500
屏東縣車城鄉,10013230,22.09320,120.71300
新北市萬里區,65000280,25.21110,121.68920
漁港琉球新,I05500,22.33500,120.37500
漁港鼻頭,I03700,25.12400,121.91500
海釣芭崎牛寮坑,B00400,23.72900,121.55900
屏東縣東港鎮,10013030,22.46500,120.43830
澎湖縣湖西鄉,10016020,23.61050,119.61880
新北市八里區,65000230,25.15670,121.37170
屏東縣牡丹鄉,10013330,22.14870,120.89220
臺南市安平區,67000360,22.97860,120.17580
海釣高雄港第10船渠,B02200,22.55030,120.32030
漁港通樑,I01500,23.65600,119.55600
漁港正濱,I02700,25.15300,121.76500
彰化縣鹿港鎮,10007020,24.09400,120.36180
雲林縣臺西鄉,10009160,23.74740,120.16500
新北市石門區,65000220,25.29360,121.53140
海水浴場和平島,A01000,25.16080,121.76380
海釣澎湖港馬公碼頭區,B02600,23.56150,119.56460
漁港崙尾灣,I04400,24.08100,120.42100
漁港石梯,I06200,23.49500,121.50600
潛點小灣,N01400,21.94000,120.80400
潛點杉原海域,N00500,22.82800,121.19400
漁港彌陀,I05200,22.76200,120.23400
新北市三芝區,65000210,25.25590,121.46900
海水浴場三條崙,A01100,23.66280,120.15160
宜蘭縣頭城鎮,10002040,24.86720,121.83750
漁港野柳,I03100,25.20800,121.68900
漁港歧頭,I02000,23.64900,119.60900
漁港蚵仔寮,I07400,22.72577,120.25415
新北市金山區,65000270,25.24750,121.63800
潛點哈巴狗海域,N01700,22.65000,121.52500
桃園市觀音區,68000120,25.06690,121.08000
海釣西子灣,B00900,22.62410,120.26280
漁港新竹,I00300,24.84800,120.92200
海釣東港南堤,B00600,22.46780,120.44170
屏東縣枋寮鄉,10013160,22.30800,120.63650
潛點龍洞南口水域C區,N00400,25.10200,121.92100
漁港大果葉,I01300,23.59400,119.51700
臺東縣卑南鄉,10014040,22.76290,121.18890
嘉義縣東石鄉,10010090,23.44940,120.14000
漁港中芸,I07500,22.48350,120.40018
高雄市鼓山區,64000020,22.61440,120.28830
海釣三仙台,B01600,23.12460,121.41660
澎湖縣白沙鄉,10016030,23.66700,119.60890
海水浴場頭城,A00100,24.85230,121.82830
臺南市安南區,67000350,23.04040,120.06230
漁港東港鹽埔,I07700,22.47222,120.43670
連江縣東引鄉,09007040,26.36650,120.48350
高雄市林園區,64000130,22.49230,120.37850
海水浴場龍洞灣公園,A01800,25.11740,121.91590
臺南市北門區,67000170,23.23740,120.07550
漁港大里,I02100,24.96200,121.92100
潛點萬里桐,N01200,21.99500,120.70600
雲林縣麥寮鄉,10009130,23.78610,120.16030
花蓮縣花蓮市,10015010,23.98060,121.62360
海水浴場龍門公園,A01600,25.01870,121.93850
漁港磺港,I03000,25.23100,121.64800
漁港金湖,I04600,23.57200,120.14200
桃園市大園區,68000060,25.11810,121.24330
海水浴場旗津海岸公園,A00900,22.60240,120.27510
臺東縣達仁鄉,10014150,22.28790,120.89700
海水浴場鹽寮,A01300,25.04210,121.92640
基隆市安樂區,10017060,25.16750,121.71100
新竹縣新豐鄉,10004060,24.92780,120.96680
臺東縣成功鎮,10014020,23.09720,121.38000
臺中市大安區,66000220,24.37780,120.56330
漁港後壁湖,I05800,21.94500,120.74500
臺東縣綠島鄉,10014110,22.66220,121.46470
新竹市香山區,10018030,24.75710,120.88130
海釣東澳粉鳥林漁港,B00200,24.49740,121.84190
花蓮縣秀林鄉,10015110,24.30310,121.75610
新北市瑞芳區,65000120,25.13070,121.82850
臺東縣蘭嶼鄉,10014160,22.05810,121.50690
漁港粉鳥林,I02400,24.49600,121.84400
潛點石朗海域,N01900,22.65000,121.45000
漁港綠島,I06000,22.65900,121.47600
高雄市旗津區,64000100,22.58010,120.28750
海水浴場杉原,A01900,22.83120,121.18520
雲林縣口湖鄉,10009190,23.56540,120.13790
漁港布袋,I04900,23.38800,120.15700
潛點後壁湖航道西側,N00700,21.93800,120.74600
漁港深澳,I03500,25.13100,121.82000
澎湖縣馬公市,10016010,23.56030,119.57810
衝浪東澳漁港與龜吼漁港間海域,O00200,25.19800,121.69200
漁港前寮,I06500,23.55100,119.58800
基隆市中山區,10017050,25.15500,121.75220
彰化縣大城鄉,10007240,23.88200,120.27760
高雄市楠梓區,64000040,22.71400,120.24800
苗栗縣後龍鎮,10005060,24.65140,120.77140
漁港東石,I05000,23.45000,120.13800
漁港赤崁,I01700,23.66500,119.60400
金門縣烏坵鄉,09020060,24.98810,119.45640
金門縣金沙鎮,09020020,24.53240,118.41530
潛點龍洞灣水域B區南側,N00300,25.11400,121.91800
潛點豆腐岬水域,N00600,24.58400,121.87300
屏東縣新園鄉,10013170,22.47160,120.42950
漁港萬里,I03200,25.18200,121.69500
海釣蘇澳港南防波堤靠內港側,B00100,24.58930,121.87770
屏東縣枋山鄉,10013250,22.19500,120.68360
新北市林口區,65000170,25.13540,121.34260
澎湖縣七美鄉,10016060,23.19310,119.41790
海水浴場小灣,A00500,21.94140,120.80440
高雄市小港區,64000110,22.53370,120.31790
漁港大武崙,I02500,25.16700,121.70800
潛點紅柴坑,N01300,21.97200,120.71500
海釣布袋商港釣魚示範區,B02300,23.38450,120.12780
海釣基隆港東岸防坡堤,B02000,25.16220,121.75480
漁港東澳,I03400,25.20400,121.69600
海釣和平島,B01100,25.16080,121.76380
潛點龍洞灣水域B區北側,N00200,25.11800,121.91900
潛點柴口海域,N01600,22.70000,121.47500
漁港福隆,I03800,25.02100,121.95100
海釣梧棲港,B01500,24.29250,120.52070
漁港旗津,I00700,22.58900,120.28900
彰化縣伸港鄉,10007050,24.18970,120.46130
漁港白沙,I06900,26.20500,119.96800
金門縣金湖鎮,09020030,24.40860,118.43000
花蓮縣壽豐鄉,10015060,23.82800,121.58620
新竹縣竹北市,10004010,24.86200,120.92750
海水浴場墾丁,A00300,21.94590,120.79000
苗栗縣通霄鎮,10005030,24.49480,120.65470
漁港鼓山,I00800,22.62000,120.27000
漁港永新,I07300,22.82026,120.20810
彰化縣線西鄉,10007040,24.14450,120.41130
漁港梧棲,I04300,24.29200,120.51900
金門縣金城鎮,09020010,24.42110,118.28920
海釣臺北港北防坡堤,B01900,25.15740,121.36370
漁港龍門,I01900,23.55900,119.67400
高雄市茄萣區,64000260,22.87010,120.18550
基隆市中正區,10017010,25.15060,121.79000
臺中市梧棲區,66000140,24.28780,120.53310
海釣長濱界橋,B01700,23.21600,121.41040
海釣花蓮港東堤垂釣區,B02800,23.97670,121.63250
漁港永安,I04000,24.99000,121.01100
海水浴場隘門,A02300,23.55500,119.63900
漁港南方澳,I02300,24.58200,121.87100
漁港前鎮,I07200,22.56966,120.31366
連江縣北竿鄉,09007020,26.21840,119.99820
海水浴場馬沙溝,A02100,23.21750,120.08410
漁港沙港西,I01400,23.60600,119.62000
潛點東澳漁港與龜吼漁港,N00100,25.19800,121.69200
衝浪南灣,O00700,21.95900,120.76100
臺南市將軍區,67000160,23.21250,120.08310
海釣成功港,B01800,23.09800,121.38050
漁港水利村,I07600,22.41768,120.51314
漁港新湖,I06700,24.43100,118.41000
衝浪福隆鹽寮水域F區,O00300,25.02400,121.95800
